1,レディース,11,トップス,119,Tシャツ/カットソー(半袖/袖なし)
1,レディース,11,トップス,120,Tシャツ/カットソー(七分/長袖)
1,レディース,11,トップス,121,シャツ/ブラウス(半袖/袖なし)
1,レディース,11,トップス,122,シャツ/ブラウス(七分/長袖)
1,レディース,11,トップス,123,ポロシャツ
1,レディース,11,トップス,124,キャミソール
1,レディース,11,トップス,125,タンクトップ
1,レディース,11,トップス,126,ホルターネック
1,レディース,11,トップス,127,ニット/セーター
1,レディース,11,トップス,128,チュニック
1,レディース,11,トップス,129,カーディガン/ボレロ
1,レディース,11,トップス,130,アンサンブル
1,レディース,11,トップス,131,ベスト/ジレ
1,レディース,11,トップス,132,パーカー
1,レディース,11,トップス,133,トレーナー/スウェット
1,レディース,11,トップス,134,ベアトップ/チューブトップ
1,レディース,11,トップス,135,ジャージ
1,レディース,11,トップス,136,その他
1,レディース,12,ジャケット/アウター,137,テーラードジャケット
1,レディース,12,ジャケット/アウター,138,ノーカラージャケット
1,レディース,12,ジャケット/アウター,139,Gジャン/デニムジャケット
1,レディース,12,ジャケット/アウター,140,レザージャケット
1,レディース,12,ジャケット/アウター,141,ダウンジャケット
1,レディース,12,ジャケット/アウター,142,ライダースジャケット
1,レディース,12,ジャケット/アウター,143,ミリタリージャケット
1,レディース,12,ジャケット/アウター,144,ダウンベスト
1,レディース,12,ジャケット/アウター,145,ジャンパー/ブルゾン
1,レディース,12,ジャケット/アウター,146,ポンチョ
1,レディース,12,ジャケット/アウター,149,ロングコート
1,レディース,12,ジャケット/アウター,150,トレンチコート
1,レディース,12,ジャケット/アウター,151,ダッフルコート
1,レディース,12,ジャケット/アウター,152,ピーコート
1,レディース,12,ジャケット/アウター,1129,チェスターコート
1,レディース,12,ジャケット/アウター,1149,モッズコート
1,レディース,12,ジャケット/アウター,147,スタジャン
1,レディース,12,ジャケット/アウター,153,毛皮/ファーコート
1,レディース,12,ジャケット/アウター,154,スプリングコート
1,レディース,12,ジャケット/アウター,148,スカジャン
1,レディース,12,ジャケット/アウター,155,その他
1,レディース,13,パンツ,156,デニム/ジーンズ
1,レディース,13,パンツ,157,ショートパンツ
1,レディース,13,パンツ,158,カジュアルパンツ
1,レディース,13,パンツ,159,ハーフパンツ
1,レディース,13,パンツ,160,チノパン
1,レディース,13,パンツ,161,ワークパンツ/カーゴパンツ
1,レディース,13,パンツ,162,クロップドパンツ
1,レディース,13,パンツ,163,サロペット/オーバーオール
1,レディース,13,パンツ,164,オールインワン
1,レディース,13,パンツ,165,サルエルパンツ
1,レディース,13,パンツ,1128,ガウチョパンツ
1,レディース,13,パンツ,166,その他
1,レディース,14,スカート,167,ミニスカート
1,レディース,14,スカート,168,ひざ丈スカート
1,レディース,14,スカート,169,ロングスカート
1,レディース,14,スカート,170,キュロット
1,レディース,14,スカート,171,その他
1,レディース,15,ワンピース,172,ミニワンピース
1,レディース,15,ワンピース,173,ひざ丈ワンピース
1,レディース,15,ワンピース,174,ロングワンピース
1,レディース,15,ワンピース,175,その他
1,レディース,16,靴,176,ハイヒール/パンプス
1,レディース,16,靴,177,ブーツ
1,レディース,16,靴,178,サンダル
1,レディース,16,靴,179,スニーカー
1,レディース,16,靴,180,ミュール
1,レディース,16,靴,181,モカシン
1,レディース,16,靴,182,ローファー/革靴
1,レディース,16,靴,183,フラットシューズ/バレエシューズ
1,レディース,16,靴,184,長靴/レインシューズ
1,レディース,16,靴,185,その他
1,レディース,17,ルームウェア/パジャマ,186,パジャマ
1,レディース,17,ルームウェア/パジャマ,190,ルームウェア
1,レディース,26,浴衣/水着,282,水着セパレート
1,レディース,26,浴衣/水着,283,水着ワンピース
1,レディース,26,浴衣/水着,284,水着スポーツ用
1,レディース,27,スーツ/フォーマル/ドレス,1158,スカートスーツ上下
1,レディース,27,スーツ/フォーマル/ドレス,286,パンツスーツ上下
1,レディース,27,スーツ/フォーマル/ドレス,287,ドレス
1,レディース,27,スーツ/フォーマル/ドレス,1090,ウェディング
1,レディース,28,マタニティ,291,トップス
1,レディース,28,マタニティ,292,アウター
1,レディース,28,マタニティ,293,インナー
1,レディース,28,マタニティ,294,ワンピース
1,レディース,28,マタニティ,295,パンツ/スパッツ
1,レディース,28,マタニティ,296,スカート
1,レディース,28,マタニティ,297,パジャマ
1,レディース,28,マタニティ,298,授乳服
2,メンズ,30,トップス,302,Tシャツ/カットソー(半袖/袖なし)
2,メンズ,30,トップス,303,Tシャツ/カットソー(七分/長袖)
2,メンズ,30,トップス,304,シャツ
2,メンズ,30,トップス,305,ポロシャツ
2,メンズ,30,トップス,306,タンクトップ
2,メンズ,30,トップス,307,ニット/セーター
2,メンズ,30,トップス,308,パーカー
2,メンズ,30,トップス,309,カーディガン
2,メンズ,30,トップス,310,スウェット
2,メンズ,30,トップス,311,ジャージ
2,メンズ,30,トップス,312,ベスト
2,メンズ,30,トップス,313,その他
2,メンズ,31,ジャケット/アウター,314,テーラードジャケット
2,メンズ,31,ジャケット/アウター,315,ノーカラージャケット
2,メンズ,31,ジャケット/アウター,316,Gジャン/デニムジャケット
2,メンズ,31,ジャケット/アウター,317,レザージャケット
2,メンズ,31,ジャケット/アウター,318,ダウンジャケット
2,メンズ,31,ジャケット/アウター,319,ライダースジャケット
2,メンズ,31,ジャケット/アウター,320,ミリタリージャケット
2,メンズ,31,ジャケット/アウター,321,ナイロンジャケット
2,メンズ,31,ジャケット/アウター,322,フライトジャケット
2,メンズ,31,ジャケット/アウター,323,ダッフルコート
2,メンズ,31,ジャケット/アウター,324,ピーコート
2,メンズ,31,ジャケット/アウター,325,ステンカラーコート
2,メンズ,31,ジャケット/アウター,326,トレンチコート
2,メンズ,31,ジャケット/アウター,327,モッズコート
2,メンズ,31,ジャケット/アウター,1140,チェスターコート
2,メンズ,31,ジャケット/アウター,328,スタジャン
2,メンズ,31,ジャケット/アウター,329,スカジャン
2,メンズ,31,ジャケット/アウター,330,ブルゾン
2,メンズ,31,ジャケット/アウター,332,マウンテンパーカー
2,メンズ,31,ジャケット/アウター,334,ダウンベスト
2,メンズ,31,ジャケット/アウター,331,ポンチョ
2,メンズ,31,ジャケット/アウター,333,カバーオール
2,メンズ,31,ジャケット/アウター,335,その他
2,メンズ,32,パンツ,336,デニム/ジーンズ
2,メンズ,32,パンツ,337,ワークパンツ/カーゴパンツ
2,メンズ,32,パンツ,338,スラックス
2,メンズ,32,パンツ,339,チノパン
2,メンズ,32,パンツ,340,ショートパンツ
2,メンズ,32,パンツ,341,ペインターパンツ
2,メンズ,32,パンツ,342,サルエルパンツ
2,メンズ,32,パンツ,343,オーバーオール
2,メンズ,32,パンツ,344,その他
2,メンズ,33,靴,345,スニーカー
2,メンズ,33,靴,346,サンダル
2,メンズ,33,靴,347,ブーツ
2,メンズ,33,靴,348,モカシン
2,メンズ,33,靴,349,ドレス/ビジネス
2,メンズ,33,靴,350,長靴/レインシューズ
2,メンズ,33,靴,971,デッキシューズ
2,メンズ,33,靴,351,その他
2,メンズ,35,スーツ,364,スーツジャケット
2,メンズ,35,スーツ,365,スーツベスト
2,メンズ,35,スーツ,366,スラックス
2,メンズ,35,スーツ,367,セットアップ
2,メンズ,40,水着,420,一般水着
2,メンズ,40,水着,421,スポーツ用
2,メンズ,42,アンダーウェア,428,トランクス
2,メンズ,42,アンダーウェア,429,ボクサーパンツ
3,ベビー・キッズ,44,ベビー服(女の子用) ~95cm,431,トップス
3,ベビー・キッズ,44,ベビー服(女の子用) ~95cm,432,アウター
3,ベビー・キッズ,44,ベビー服(女の子用) ~95cm,433,パンツ
3,ベビー・キッズ,44,ベビー服(女の子用) ~95cm,434,スカート
3,ベビー・キッズ,44,ベビー服(女の子用) ~95cm,435,ワンピース
3,ベビー・キッズ,44,ベビー服(女の子用) ~95cm,436,ベビードレス
3,ベビー・キッズ,44,ベビー服(女の子用) ~95cm,437,おくるみ
3,ベビー・キッズ,44,ベビー服(女の子用) ~95cm,438,下着/肌着
3,ベビー・キッズ,44,ベビー服(女の子用) ~95cm,439,パジャマ
3,ベビー・キッズ,44,ベビー服(女の子用) ~95cm,994,ロンパース
3,ベビー・キッズ,44,ベビー服(女の子用) ~95cm,440,その他
3,ベビー・キッズ,1107,ベビー服(男の子用) ~95cm,1299,トップス
3,ベビー・キッズ,1107,ベビー服(男の子用) ~95cm,1300,アウター
3,ベビー・キッズ,1107,ベビー服(男の子用) ~95cm,1301,パンツ
3,ベビー・キッズ,1107,ベビー服(男の子用) ~95cm,1302,おくるみ
3,ベビー・キッズ,1107,ベビー服(男の子用) ~95cm,1303,下着/肌着
3,ベビー・キッズ,1107,ベビー服(男の子用) ~95cm,1304,パジャマ
3,ベビー・キッズ,1107,ベビー服(男の子用) ~95cm,1305,ロンパース
3,ベビー・キッズ,1107,ベビー服(男の子用) ~95cm,1306,その他
3,ベビー・キッズ,1307,ベビー服(男女兼用) ~95cm,1309,トップス
3,ベビー・キッズ,1307,ベビー服(男女兼用) ~95cm,1310,アウター
3,ベビー・キッズ,1307,ベビー服(男女兼用) ~95cm,1311,パンツ
3,ベビー・キッズ,1307,ベビー服(男女兼用) ~95cm,1312,おくるみ
3,ベビー・キッズ,1307,ベビー服(男女兼用) ~95cm,1313,下着/肌着
3,ベビー・キッズ,1307,ベビー服(男女兼用) ~95cm,1314,パジャマ
3,ベビー・キッズ,1307,ベビー服(男女兼用) ~95cm,1315,ロンパース
3,ベビー・キッズ,1307,ベビー服(男女兼用) ~95cm,1316,その他
3,ベビー・キッズ,45,キッズ服(女の子用) 100cm~,441,コート
3,ベビー・キッズ,45,キッズ服(女の子用) 100cm~,442,ジャケット/上着
3,ベビー・キッズ,45,キッズ服(女の子用) 100cm~,443,トップス(Tシャツ/カットソー)
3,ベビー・キッズ,45,キッズ服(女の子用) 100cm~,444,トップス(トレーナー)
3,ベビー・キッズ,45,キッズ服(女の子用) 100cm~,960,トップス(チュニック)
3,ベビー・キッズ,45,キッズ服(女の子用) 100cm~,961,トップス(タンクトップ)
3,ベビー・キッズ,45,キッズ服(女の子用) 100cm~,962,トップス(その他)
3,ベビー・キッズ,45,キッズ服(女の子用) 100cm~,445,スカート
3,ベビー・キッズ,45,キッズ服(女の子用) 100cm~,446,パンツ
3,ベビー・キッズ,45,キッズ服(女の子用) 100cm~,447,ワンピース
3,ベビー・キッズ,45,キッズ服(女の子用) 100cm~,448,セットアップ
3,ベビー・キッズ,45,キッズ服(女の子用) 100cm~,449,パジャマ
3,ベビー・キッズ,45,キッズ服(女の子用) 100cm~,450,フォーマル/ドレス
3,ベビー・キッズ,45,キッズ服(女の子用) 100cm~,452,和服
3,ベビー・キッズ,45,キッズ服(女の子用) 100cm~,453,浴衣
3,ベビー・キッズ,45,キッズ服(女の子用) 100cm~,454,甚平
3,ベビー・キッズ,45,キッズ服(女の子用) 100cm~,455,水着
3,ベビー・キッズ,45,キッズ服(女の子用) 100cm~,456,その他
3,ベビー・キッズ,46,キッズ服(男の子用) 100cm~,457,コート
3,ベビー・キッズ,46,キッズ服(男の子用) 100cm~,458,ジャケット/上着
3,ベビー・キッズ,46,キッズ服(男の子用) 100cm~,459,トップス(Tシャツ/カットソー)
3,ベビー・キッズ,46,キッズ服(男の子用) 100cm~,460,トップス(トレーナー)
3,ベビー・キッズ,46,キッズ服(男の子用) 100cm~,963,トップス(その他)
3,ベビー・キッズ,46,キッズ服(男の子用) 100cm~,461,パンツ
3,ベビー・キッズ,46,キッズ服(男の子用) 100cm~,462,セットアップ
3,ベビー・キッズ,46,キッズ服(男の子用) 100cm~,463,パジャマ
3,ベビー・キッズ,46,キッズ服(男の子用) 100cm~,464,フォーマル/ドレス
3,ベビー・キッズ,46,キッズ服(男の子用) 100cm~,466,和服
3,ベビー・キッズ,46,キッズ服(男の子用) 100cm~,467,浴衣
3,ベビー・キッズ,46,キッズ服(男の子用) 100cm~,468,甚平
3,ベビー・キッズ,46,キッズ服(男の子用) 100cm~,469,水着
3,ベビー・キッズ,46,キッズ服(男の子用) 100cm~,470,その他
3,ベビー・キッズ,47,キッズ服(男女兼用) 100cm~,471,コート
3,ベビー・キッズ,47,キッズ服(男女兼用) 100cm~,472,ジャケット/上着
3,ベビー・キッズ,47,キッズ服(男女兼用) 100cm~,473,トップス(Tシャツ/カットソー)
3,ベビー・キッズ,47,キッズ服(男女兼用) 100cm~,474,トップス(トレーナー)
3,ベビー・キッズ,47,キッズ服(男女兼用) 100cm~,964,トップス(その他)
3,ベビー・キッズ,47,キッズ服(男女兼用) 100cm~,475,ボトムス
3,ベビー・キッズ,47,キッズ服(男女兼用) 100cm~,476,パジャマ
3,ベビー・キッズ,47,キッズ服(男女兼用) 100cm~,477,その他
3,ベビー・キッズ,48,キッズ靴,478,スニーカー
3,ベビー・キッズ,48,キッズ靴,479,サンダル
3,ベビー・キッズ,48,キッズ靴,480,ブーツ
3,ベビー・キッズ,48,キッズ靴,481,長靴
3,ベビー・キッズ,48,キッズ靴,482,その他
4,インテリア・住まい・小物,68,季節/年中行事,636,正月
4,インテリア・住まい・小物,68,季節/年中行事,637,成人式
4,インテリア・住まい・小物,68,季節/年中行事,638,バレンタインデー
4,インテリア・住まい・小物,68,季節/年中行事,639,ひな祭り
4,インテリア・住まい・小物,68,季節/年中行事,640,子どもの日
4,インテリア・住まい・小物,68,季節/年中行事,641,母の日
4,インテリア・住まい・小物,68,季節/年中行事,642,父の日
4,インテリア・住まい・小物,68,季節/年中行事,643,サマーギフト/お中元
4,インテリア・住まい・小物,68,季節/年中行事,644,夏/夏休み
4,インテリア・住まい・小物,68,季節/年中行事,645,ハロウィン
4,インテリア・住まい・小物,68,季節/年中行事,646,敬老の日
4,インテリア・住まい・小物,68,季節/年中行事,647,七五三
4,インテリア・住まい・小物,68,季節/年中行事,648,お歳暮
4,インテリア・住まい・小物,68,季節/年中行事,649,クリスマス
4,インテリア・住まい・小物,68,季節/年中行事,650,冬一般
4,インテリア・住まい・小物,68,季節/年中行事,651,その他
5,本・音楽・ゲーム,72,本,668,文学/小説
5,本・音楽・ゲーム,72,本,669,人文/社会
5,本・音楽・ゲーム,72,本,670,ノンフィクション/教養
5,本・音楽・ゲーム,72,本,671,地図/旅行ガイド
5,本・音楽・ゲーム,72,本,672,ビジネス/経済
5,本・音楽・ゲーム,72,本,673,健康/医学
5,本・音楽・ゲーム,72,本,674,コンピュータ/IT
5,本・音楽・ゲーム,72,本,675,趣味/スポーツ/実用
5,本・音楽・ゲーム,72,本,676,住まい/暮らし/子育て
5,本・音楽・ゲーム,72,本,677,アート/エンタメ
5,本・音楽・ゲーム,72,本,678,洋書
5,本・音楽・ゲーム,72,本,1124,参考書
5,本・音楽・ゲーム,72,本,679,その他
5,本・音楽・ゲーム,71,漫画,662,全巻セット
5,本・音楽・ゲーム,71,漫画,663,少年漫画
5,本・音楽・ゲーム,71,漫画,664,少女漫画
5,本・音楽・ゲーム,71,漫画,665,青年漫画
5,本・音楽・ゲーム,71,漫画,666,女性漫画
5,本・音楽・ゲーム,71,漫画,969,同人誌
5,本・音楽・ゲーム,71,漫画,667,その他
5,本・音楽・ゲーム,73,雑誌,680,アート/エンタメ/ホビー
5,本・音楽・ゲーム,73,雑誌,681,ファッション
5,本・音楽・ゲーム,73,雑誌,682,ニュース/総合
5,本・音楽・ゲーム,73,雑誌,683,趣味/スポーツ
5,本・音楽・ゲーム,73,雑誌,684,その他
5,本・音楽・ゲーム,75,CD,694,邦楽
5,本・音楽・ゲーム,75,CD,695,洋楽
5,本・音楽・ゲーム,75,CD,696,アニメ
5,本・音楽・ゲーム,75,CD,697,クラシック
5,本・音楽・ゲーム,75,CD,698,K-POP/アジア
5,本・音楽・ゲーム,75,CD,699,キッズ/ファミリー
5,本・音楽・ゲーム,75,CD,700,その他
5,本・音楽・ゲーム,74,DVD/ブルーレイ,685,外国映画
5,本・音楽・ゲーム,74,DVD/ブルーレイ,686,日本映画
5,本・音楽・ゲーム,74,DVD/ブルーレイ,687,アニメ
5,本・音楽・ゲーム,74,DVD/ブルーレイ,688,TVドラマ
5,本・音楽・ゲーム,74,DVD/ブルーレイ,689,ミュージック
5,本・音楽・ゲーム,74,DVD/ブルーレイ,690,お笑い/バラエティ
5,本・音楽・ゲーム,74,DVD/ブルーレイ,691,スポーツ/フィットネス
5,本・音楽・ゲーム,74,DVD/ブルーレイ,692,キッズ/ファミリー
5,本・音楽・ゲーム,74,DVD/ブルーレイ,693,その他
5,本・音楽・ゲーム,1160,レコード,1161,邦楽
5,本・音楽・ゲーム,1160,レコード,1162,洋楽
5,本・音楽・ゲーム,1160,レコード,1163,その他
1328,おもちゃ・ホビー・グッズ,83,おもちゃ,745,キャラクターグッズ
1328,おもちゃ・ホビー・グッズ,83,おもちゃ,742,ぬいぐるみ
1328,おもちゃ・ホビー・グッズ,83,おもちゃ,731,小物/アクセサリー
1328,おもちゃ・ホビー・グッズ,83,おもちゃ,743,模型/プラモデル
1328,おもちゃ・ホビー・グッズ,83,おもちゃ,744,ミニカー
1328,おもちゃ・ホビー・グッズ,83,おもちゃ,746,トイラジコン
1328,おもちゃ・ホビー・グッズ,83,おもちゃ,747,プラモデル
1328,おもちゃ・ホビー・グッズ,83,おもちゃ,748,ホビーラジコン
1328,おもちゃ・ホビー・グッズ,83,おもちゃ,749,鉄道模型
1328,おもちゃ・ホビー・グッズ,83,おもちゃ,750,その他
1328,おもちゃ・ホビー・グッズ,77,タレントグッズ,707,アイドル
1328,おもちゃ・ホビー・グッズ,77,タレントグッズ,708,ミュージシャン
1328,おもちゃ・ホビー・グッズ,77,タレントグッズ,709,タレント/お笑い芸人
1328,おもちゃ・ホビー・グッズ,77,タレントグッズ,710,スポーツ選手
1328,おもちゃ・ホビー・グッズ,77,タレントグッズ,711,その他
1328,おもちゃ・ホビー・グッズ,972,コミック/アニメグッズ,973,ストラップ
1328,おもちゃ・ホビー・グッズ,972,コミック/アニメグッズ,974,キーホルダー
1328,おもちゃ・ホビー・グッズ,972,コミック/アニメグッズ,975,バッジ
1328,おもちゃ・ホビー・グッズ,972,コミック/アニメグッズ,976,カード
1328,おもちゃ・ホビー・グッズ,972,コミック/アニメグッズ,977,クリアファイル
1328,おもちゃ・ホビー・グッズ,972,コミック/アニメグッズ,978,ポスター
1328,おもちゃ・ホビー・グッズ,972,コミック/アニメグッズ,979,タオル
1328,おもちゃ・ホビー・グッズ,972,コミック/アニメグッズ,980,その他
1328,おもちゃ・ホビー・グッズ,82,トレーディングカード,1152,遊戯王
1328,おもちゃ・ホビー・グッズ,82,トレーディングカード,1288,マジック：ザ・ギャザリング
1328,おもちゃ・ホビー・グッズ,82,トレーディングカード,1289,ポケモンカードゲーム
1328,おもちゃ・ホビー・グッズ,82,トレーディングカード,1290,デュエルマスターズ
1328,おもちゃ・ホビー・グッズ,82,トレーディングカード,1323,バトルスピリッツ
1328,おもちゃ・ホビー・グッズ,82,トレーディングカード,1322,プリパラ
1328,おもちゃ・ホビー・グッズ,82,トレーディングカード,1291,アイカツ
1328,おもちゃ・ホビー・グッズ,82,トレーディングカード,1292,カードファイト!! ヴァンガード
1328,おもちゃ・ホビー・グッズ,82,トレーディングカード,1293,ヴァイスシュヴァルツ
1328,おもちゃ・ホビー・グッズ,82,トレーディングカード,1294,プロ野球オーナーズリーグ
1328,おもちゃ・ホビー・グッズ,82,トレーディングカード,1295,ベースボールヒーローズ
1328,おもちゃ・ホビー・グッズ,82,トレーディングカード,1296,ドラゴンボール
1328,おもちゃ・ホビー・グッズ,82,トレーディングカード,1321,スリーブ
1328,おもちゃ・ホビー・グッズ,82,トレーディングカード,741,その他
1328,おもちゃ・ホビー・グッズ,81,フィギュア,733,コミック/アニメ
1328,おもちゃ・ホビー・グッズ,81,フィギュア,734,特撮
1328,おもちゃ・ホビー・グッズ,81,フィギュア,735,ゲームキャラクター
1328,おもちゃ・ホビー・グッズ,81,フィギュア,736,SF/ファンタジー/ホラー
1328,おもちゃ・ホビー・グッズ,81,フィギュア,737,アメコミ
1328,おもちゃ・ホビー・グッズ,81,フィギュア,738,スポーツ
1328,おもちゃ・ホビー・グッズ,81,フィギュア,739,ミリタリー
1328,おもちゃ・ホビー・グッズ,81,フィギュア,740,その他
1328,おもちゃ・ホビー・グッズ,79,楽器/器材,1159,楽譜/スコア
1328,おもちゃ・ホビー・グッズ,114,コレクション,938,武具
1328,おもちゃ・ホビー・グッズ,114,コレクション,939,使用済切手/官製はがき
1328,おもちゃ・ホビー・グッズ,114,コレクション,940,旧貨幣/金貨/銀貨/記念硬貨
1328,おもちゃ・ホビー・グッズ,114,コレクション,941,印刷物
1328,おもちゃ・ホビー・グッズ,114,コレクション,942,ノベルティグッズ
1328,おもちゃ・ホビー・グッズ,114,コレクション,943,その他
1328,おもちゃ・ホビー・グッズ,80,ミリタリー,729,トイガン
1328,おもちゃ・ホビー・グッズ,80,ミリタリー,730,個人装備
1328,おもちゃ・ホビー・グッズ,80,ミリタリー,732,その他
1328,おもちゃ・ホビー・グッズ,84,美術品,751,陶芸
1328,おもちゃ・ホビー・グッズ,84,美術品,752,ガラス
1328,おもちゃ・ホビー・グッズ,84,美術品,753,漆芸
1328,おもちゃ・ホビー・グッズ,84,美術品,754,金属工芸
1328,おもちゃ・ホビー・グッズ,84,美術品,755,絵画/タペストリ
1328,おもちゃ・ホビー・グッズ,84,美術品,756,版画
1328,おもちゃ・ホビー・グッズ,84,美術品,757,彫刻/オブジェクト
1328,おもちゃ・ホビー・グッズ,84,美術品,758,書
1328,おもちゃ・ホビー・グッズ,84,美術品,759,写真
1328,おもちゃ・ホビー・グッズ,84,美術品,760,その他
1328,おもちゃ・ホビー・グッズ,85,アート用品,761,画材
1328,おもちゃ・ホビー・グッズ,85,アート用品,762,額縁
1328,おもちゃ・ホビー・グッズ,85,アート用品,763,その他
1328,おもちゃ・ホビー・グッズ,86,その他,764,トランプ/UNO
1328,おもちゃ・ホビー・グッズ,86,その他,765,カルタ/百人一首
1328,おもちゃ・ホビー・グッズ,86,その他,773,ダーツ
1328,おもちゃ・ホビー・グッズ,86,その他,774,ビリヤード
1328,おもちゃ・ホビー・グッズ,86,その他,775,麻雀
1328,おもちゃ・ホビー・グッズ,86,その他,1157,パズル/ジグソーパズル
1328,おもちゃ・ホビー・グッズ,86,その他,766,囲碁/将棋
1328,おもちゃ・ホビー・グッズ,86,その他,767,オセロ/チェス
1328,おもちゃ・ホビー・グッズ,86,その他,768,人生ゲーム
1328,おもちゃ・ホビー・グッズ,86,その他,769,野球/サッカーゲーム
1328,おもちゃ・ホビー・グッズ,86,その他,770,スポーツ
1328,おもちゃ・ホビー・グッズ,86,その他,771,三輪車/乗り物
1328,おもちゃ・ホビー・グッズ,86,その他,772,ヨーヨー
1328,おもちゃ・ホビー・グッズ,86,その他,776,模型製作用品
1328,おもちゃ・ホビー・グッズ,86,その他,777,鉄道
1328,おもちゃ・ホビー・グッズ,86,その他,778,航空機
1328,おもちゃ・ホビー・グッズ,86,その他,779,アマチュア無線
1328,おもちゃ・ホビー・グッズ,86,その他,780,パチンコ/パチスロ
1328,おもちゃ・ホビー・グッズ,86,その他,781,その他
7,家電・スマホ・カメラ,862,スマホアクセサリー,982,カバー
7,家電・スマホ・カメラ,862,スマホアクセサリー,983,イヤホンジャック
7,家電・スマホ・カメラ,862,スマホアクセサリー,984,ストラップ
7,家電・スマホ・カメラ,862,スマホアクセサリー,985,フィルム
7,家電・スマホ・カメラ,862,スマホアクセサリー,986,その他
7,家電・スマホ・カメラ,97,カメラ,846,レンズ(単焦点)
7,家電・スマホ・カメラ,97,カメラ,1255,レンズ(ズーム)
7,家電・スマホ・カメラ,98,テレビ/映像機器,848,テレビ
8,スポーツ・レジャー,104,スノーボード,887,ボード
8,スポーツ・レジャー,104,スノーボード,1218,ブーツ(男性用)
8,スポーツ・レジャー,104,スノーボード,1227,ブーツ(女性用)
8,スポーツ・レジャー,104,スノーボード,1228,ブーツ(子ども用)
8,スポーツ・レジャー,104,スノーボード,1219,ウエア/装備(男性用)
8,スポーツ・レジャー,104,スノーボード,1220,ウエア/装備(女性用)
8,スポーツ・レジャー,104,スノーボード,1221,ウエア/装備(子ども用)
8,スポーツ・レジャー,1216,スキー,1224,板
8,スポーツ・レジャー,1216,スキー,1225,ブーツ(男性用)
8,スポーツ・レジャー,1216,スキー,1226,ブーツ(女性用)
8,スポーツ・レジャー,1216,スキー,1229,ブーツ(子ども用)
8,スポーツ・レジャー,1216,スキー,1232,ウエア(男性用)
8,スポーツ・レジャー,1216,スキー,1233,ウエア(女性用)
8,スポーツ・レジャー,1216,スキー,1234,ウエア(子ども用)
9,ハンドメイド,914,アクセサリー(女性用),987,ピアス
9,ハンドメイド,914,アクセサリー(女性用),988,イヤリング
9,ハンドメイド,914,アクセサリー(女性用),989,ネックレス
9,ハンドメイド,914,アクセサリー(女性用),990,ブレスレット
9,ハンドメイド,914,アクセサリー(女性用),991,リング
9,ハンドメイド,914,アクセサリー(女性用),992,チャーム
9,ハンドメイド,914,アクセサリー(女性用),1102,ヘアゴム
9,ハンドメイド,914,アクセサリー(女性用),1103,アンクレット
9,ハンドメイド,914,アクセサリー(女性用),993,その他
9,ハンドメイド,106,ファッション/小物,908,バッグ(女性用)
9,ハンドメイド,106,ファッション/小物,907,バッグ(男性用)
9,ハンドメイド,106,ファッション/小物,910,財布(女性用)
9,ハンドメイド,106,ファッション/小物,909,財布(男性用)
9,ハンドメイド,106,ファッション/小物,911,ファッション雑貨
9,ハンドメイド,106,ファッション/小物,912,その他
9,ハンドメイド,107,アクセサリー/時計,913,アクセサリー(男性用)
9,ハンドメイド,107,アクセサリー/時計,916,時計(女性用)
9,ハンドメイド,107,アクセサリー/時計,915,時計(男性用)
9,ハンドメイド,107,アクセサリー/時計,917,その他
9,ハンドメイド,108,日用品/インテリア,918,キッチン用品
9,ハンドメイド,108,日用品/インテリア,919,家具
9,ハンドメイド,108,日用品/インテリア,920,文房具
9,ハンドメイド,108,日用品/インテリア,1094,アート/写真
9,ハンドメイド,108,日用品/インテリア,1095,アロマ/キャンドル
9,ハンドメイド,108,日用品/インテリア,1096,フラワー/ガーデン
9,ハンドメイド,108,日用品/インテリア,921,その他
9,ハンドメイド,109,趣味/おもちゃ,922,クラフト/布製品
9,ハンドメイド,109,趣味/おもちゃ,923,おもちゃ/人形
9,ハンドメイド,109,趣味/おもちゃ,924,その他
9,ハンドメイド,110,キッズ/ベビー,925,ファッション雑貨
9,ハンドメイド,110,キッズ/ベビー,1105,スタイ/よだれかけ
9,ハンドメイド,110,キッズ/ベビー,926,外出用品
9,ハンドメイド,110,キッズ/ベビー,1104,ネームタグ
9,ハンドメイド,110,キッズ/ベビー,927,その他
9,ハンドメイド,1097,素材/材料,1098,各種パーツ
9,ハンドメイド,1097,素材/材料,1099,生地/糸
9,ハンドメイド,1097,素材/材料,1100,型紙/パターン
9,ハンドメイド,1097,素材/材料,1101,その他
1027,チケット,1028,音楽,1029,男性アイドル
1027,チケット,1028,音楽,1030,女性アイドル
1027,チケット,1028,音楽,1031,韓流
1027,チケット,1028,音楽,1032,国内アーティスト
1027,チケット,1028,音楽,1033,海外アーティスト
1027,チケット,1028,音楽,1034,音楽フェス
1027,チケット,1028,音楽,1035,声優/アニメ
1027,チケット,1028,音楽,1036,その他
1027,チケット,1037,スポーツ,1038,サッカー
1027,チケット,1037,スポーツ,1039,野球
1027,チケット,1037,スポーツ,1040,テニス
1027,チケット,1037,スポーツ,1041,格闘技/プロレス
1027,チケット,1037,スポーツ,1042,相撲/武道
1027,チケット,1037,スポーツ,1043,ゴルフ
1027,チケット,1037,スポーツ,1044,バレーボール
1027,チケット,1037,スポーツ,1045,バスケットボール
1027,チケット,1037,スポーツ,1046,モータースポーツ
1027,チケット,1037,スポーツ,1047,ウィンタースポーツ
1027,チケット,1037,スポーツ,1048,その他
1027,チケット,1049,演劇/芸能,1050,ミュージカル
1027,チケット,1049,演劇/芸能,1051,演劇
1027,チケット,1049,演劇/芸能,1052,伝統芸能
1027,チケット,1049,演劇/芸能,1053,落語
1027,チケット,1049,演劇/芸能,1054,お笑い
1027,チケット,1049,演劇/芸能,1055,オペラ
1027,チケット,1049,演劇/芸能,1056,サーカス
1027,チケット,1049,演劇/芸能,1057,バレエ
1027,チケット,1049,演劇/芸能,1058,その他
1027,チケット,1059,イベント,1060,声優/アニメ
1027,チケット,1059,イベント,1061,キッズ/ファミリー
1027,チケット,1059,イベント,1062,トークショー/講演会
1027,チケット,1059,イベント,1063,その他
1027,チケット,1064,映画,1065,邦画
1027,チケット,1064,映画,1066,洋画
1027,チケット,1064,映画,1067,その他
1027,チケット,1068,施設利用券,1069,遊園地/テーマパーク
1027,チケット,1068,施設利用券,1070,美術館/博物館
1027,チケット,1068,施設利用券,1071,スキー場
1027,チケット,1068,施設利用券,1072,ゴルフ場
1027,チケット,1068,施設利用券,1073,フィットネスクラブ
1027,チケット,1068,施設利用券,1074,プール
1027,チケット,1068,施設利用券,1075,ボウリング場
1027,チケット,1068,施設利用券,1076,水族館
1027,チケット,1068,施設利用券,1077,動物園
1027,チケット,1068,施設利用券,1078,その他
1027,チケット,1079,優待券/割引券,1080,ショッピング
1027,チケット,1079,優待券/割引券,1081,レストラン/食事券
1027,チケット,1079,優待券/割引券,1082,フード/ドリンク券
1027,チケット,1079,優待券/割引券,1083,宿泊券
1027,チケット,1079,優待券/割引券,1084,その他
1318,自動車・オートバイ,1330,自動車タイヤ/ホイール,1109,タイヤ/ホイールセット
1318,自動車・オートバイ,1330,自動車タイヤ/ホイール,1111,タイヤ
1318,自動車・オートバイ,1330,自動車タイヤ/ホイール,1112,ホイール
1318,自動車・オートバイ,1330,自動車タイヤ/ホイール,1333,その他
1318,自動車・オートバイ,115,自動車アクセサリー,1279,車内アクセサリー
1318,自動車・オートバイ,115,自動車アクセサリー,1113,カーナビ
1318,自動車・オートバイ,115,自動車アクセサリー,1114,カーオーディオ
1318,自動車・オートバイ,115,自動車アクセサリー,1115,車外アクセサリー
1318,自動車・オートバイ,115,自動車アクセサリー,1116,メンテナンス用品
1318,自動車・オートバイ,115,自動車アクセサリー,1308,チャイルドシート
1318,自動車・オートバイ,115,自動車アクセサリー,1254,ドライブレコーダー
1318,自動車・オートバイ,115,自動車アクセサリー,1280,レーダー探知機
1318,自動車・オートバイ,115,自動車アクセサリー,1122,カタログ/マニュアル
1318,自動車・オートバイ,115,自動車アクセサリー,1281,セキュリティ
1318,自動車・オートバイ,115,自動車アクセサリー,1117,ETC
1318,自動車・オートバイ,115,自動車アクセサリー,948,その他
1318,自動車・オートバイ,116,オートバイアクセサリー,1118,ヘルメット/シールド
10,その他,69,ペット用品,660,ペットフード
10,その他,69,ペット用品,652,犬用品
10,その他,69,ペット用品,653,猫用品
10,その他,69,ペット用品,656,魚用品/水草
10,その他,69,ペット用品,654,小動物用品
10,その他,69,ペット用品,657,爬虫類/両生類用品
10,その他,69,ペット用品,659,かご/おり
10,その他,69,ペット用品,655,鳥用品
10,その他,69,ペット用品,658,虫類用品
10,その他,69,ペット用品,661,その他
10,その他,112,食品,1137,菓子
10,その他,112,食品,1133,米
10,その他,112,食品,1134,野菜
10,その他,112,食品,1135,果物
10,その他,112,食品,1138,調味料
10,その他,112,食品,1131,魚介類(加工食品)
10,その他,112,食品,1132,肉類(加工食品)
10,その他,112,食品,1136,その他 加工食品
10,その他,112,食品,930,その他
10,その他,113,日用品/生活雑貨/旅行,933,タオル/バス用品
10,その他,113,日用品/生活雑貨/旅行,932,日用品/生活雑貨
10,その他,113,日用品/生活雑貨/旅行,931,洗剤/柔軟剤
10,その他,113,日用品/生活雑貨/旅行,935,旅行用品
10,その他,113,日用品/生活雑貨/旅行,936,防災関連グッズ
10,その他,113,日用品/生活雑貨/旅行,937,その他
10,その他,1256,アンティーク/コレクション,1258,雑貨
10,その他,1256,アンティーク/コレクション,1257,工芸品
10,その他,1256,アンティーク/コレクション,1260,家具
10,その他,1256,アンティーク/コレクション,1259,印刷物
10,その他,1256,アンティーク/コレクション,1261,その他
10,その他,1151,文房具/事務用品,1196,筆記具
10,その他,1151,文房具/事務用品,1197,ノート/メモ帳
10,その他,1151,文房具/事務用品,1201,テープ/マスキングテープ
10,その他,1151,文房具/事務用品,1203,カレンダー/スケジュール
10,その他,1151,文房具/事務用品,1204,アルバム/スクラップ
10,その他,1151,文房具/事務用品,1198,ファイル/バインダー
10,その他,1151,文房具/事務用品,1199,はさみ/カッター
10,その他,1151,文房具/事務用品,1202,カードホルダー/名刺管理
10,その他,1151,文房具/事務用品,1200,のり/ホッチキス
10,その他,1151,文房具/事務用品,1205,その他
10,その他,117,事務/店舗用品,957,オフィス用品一般
10,その他,117,事務/店舗用品,956,オフィス家具
10,その他,117,事務/店舗用品,954,店舗用品
10,その他,117,事務/店舗用品,955,OA機器
10,その他,117,事務/店舗用品,958,ラッピング/包装
10,その他,117,事務/店舗用品,959,その他
